dur,spkts,dpkts,sbytes,dbytes,rate,sload,dload,smean,dmean,ct_srv_src,ct_srv_dst,ct_dst_ltm,ct_src_ltm,ct_src_dport_ltm,ct_dst_sport_ltm,ct_dst_src_ltm,is_sm_ips_ports,proto_arp,proto_other,proto_tcp,proto_udp,service_-,service_dns,service_ftp,service_ftp-data,service_http,service_pop3,service_radius,service_smtp,service_snmp,service_ssh,state_CON,state_ECO,state_FIN,state_INT,state_PAR,state_REQ,state_RST,state_URN,state_no
-0.090014614,0.20592679,0.17799008,0.37670285,0.22802433,-1.7006,-3.3884416,-2.4864657,0.80474144,0.3498302,-0.9342,-0.9342,-1.3569155,-1.0,1.9046542e-09,1.9046542e-09,-0.7564708,0.0,0.0,0.0,1.0,0.0,0.0,0.0,0.0,0.0,0.0,0.0,0.0,0.0,0.0,1.0,0.0,0.0,1.0,0.0,0.0,0.0,0.0,0.0,0.0
-0.090014614,-0.88280696,-0.9363967,-1.6107706,-0.69659364,-1.7006,-3.3884416,-2.4864657,-0.05309346,0.18902503,-0.9342,-0.9342,-1.3569155,-1.0,1.9046542e-09,1.9046542e-09,-0.7564708,0.0,0.0,0.0,0.0,1.0,0.0,1.0,0.0,0.0,0.0,0.0,0.0,0.0,0.0,0.0,0.0,0.0,0.0,1.0,0.0,0.0,0.0,0.0,0.0
-0.090014614,-0.88280696,-1.2585267,-1.8981744,-2.0387404,-1.7006,-3.3884416,-2.4864657,-0.757552,-2.2658617,-0.9342,-0.9342,-1.3569155,-1.0,1.9046542e-09,1.9046542e-09,-0.7564708,0.0,0.0,0.0,1.0,0.0,1.0,0.0,0.0,0.0,0.0,0.0,0.0,0.0,0.0,0.0,0.0,0.0,0.0,0.0,0.0,1.0,0.0,0.0,0.0
16.33437,2.6798666,-1.2585267,2.9198163,-2.0387404,-1.4806532,-1.6716678,-2.4864657,-0.247848,-2.2658617,-0.9342,-0.9342,-0.5631708,-1.0,1.9046542e-09,1.9046542e-09,-0.7564708,0.0,0.0,0.0,0.0,1.0,0.0,0.0,0.0,0.0,1.0,0.0,0.0,0.0,0.0,0.0,0.0,0.0,0.0,1.0,0.0,0.0,0.0,0.0,0.0
-0.090014614,-0.030228416,-0.14413993,0.13436097,0.07293634,-1.7006,-3.3884416,-2.4864657,0.9415127,0.43920448,-0.9342,-0.9342,-1.3569155,-1.0,1.9046542e-09,1.9046542e-09,-0.7564708,0.0,0.0,0.0,1.0,0.0,1.0,0.0,0.0,0.0,0.0,0.0,0.0,0.0,0.0,0.0,0.0,0.0,0.0,0.0,0.0,0.0,1.0,0.0,0.0
16.33437,0.3036946,0.23739877,0.43972707,0.35458797,-1.697757,-2.8619804,-2.0177655,0.6629747,0.5133563,-0.9342,-0.5208099,7.45716e-09,-1.0,1.9046542e-09,1.9046542e-09,-0.7564708,0.0,0.0,0.0,1.0,0.0,0.0,0.0,0.0,0.0,1.0,0.0,0.0,0.0,0.0,0.0,0.0,0.0,1.0,0.0,0.0,0.0,0.0,0.0,0.0
-0.090014614,-0.88280696,-0.9363967,-1.5683095,-0.67439616,-1.7006,-3.3884416,-2.4864657,0.0509833,0.22962587,-0.9342,-0.5208099,-0.5631708,-1.0,1.9046542e-09,1.9046542e-09,-0.7564708,0.0,0.0,0.0,0.0,1.0,0.0,1.0,0.0,0.0,0.0,0.0,0.0,0.0,0.0,0.0,0.0,0.0,0.0,1.0,0.0,0.0,0.0,0.0,0.0
16.334482,-0.4014624,-0.4258327,-0.58912915,-0.09903108,-1.7000608,-3.2183664,-2.2716284,0.39651433,0.473337,-0.9342,-0.9342,-1.3569155,-1.0,1.9046542e-09,1.9046542e-09,-0.7564708,0.0,0.0,0.0,1.0,0.0,0.0,0.0,0.0,0.0,1.0,0.0,0.0,0.0,0.0,0.0,0.0,0.0,1.0,0.0,0.0,0.0,0.0,0.0,0.0
16.334484,-0.4014624,-0.4258327,-0.5616023,-0.09903108,-1.7000608,-3.211708,-2.2716286,0.46346453,0.473337,-0.5208099,-0.5208099,-0.5631708,-0.41503748,0.40546513,1.9046542e-09,-0.7564708,0.0,0.0,0.0,1.0,0.0,0.0,0.0,0.0,0.0,1.0,0.0,0.0,0.0,0.0,0.0,0.0,0.0,1.0,0.0,0.0,0.0,0.0,0.0,0.0
-0.090014614,-0.88280696,-1.2585267,-1.8981744,-2.0387404,-1.7006,-3.3884416,-2.4864657,-0.757552,-2.2658617,-0.9342,-0.9342,-1.3569155,-1.0,1.9046542e-09,1.9046542e-09,-0.7564708,0.0,0.0,0.0,1.0,0.0,1.0,0.0,0.0,0.0,0.0,0.0,0.0,0.0,0.0,0.0,0.0,0.0,0.0,0.0,0.0,1.0,0.0,0.0,0.0
16.334476,-0.4014624,-0.51056397,-0.9887825,-0.101681635,-1.7001148,-3.2954993,-2.2728598,-0.5714649,0.5804273,-0.9342,-0.22750498,0.43682927,-1.0,1.9046542e-09,1.9046542e-09,-0.7564708,0.0,0.0,0.0,1.0,0.0,0.0,0.0,0.0,0.0,1.0,0.0,0.0,0.0,0.0,0.0,0.0,0.0,0.0,0.0,0.0,0.0,1.0,0.0,0.0
-0.090014614,-0.17764993,-0.23739871,-0.04243248,0.027983094,-1.7006,-3.3884416,-2.4864657,0.97942847,0.46916726,-0.9342,-0.9342,-1.3569155,-1.0,1.9046542e-09,1.9046542e-09,-0.7564708,0.0,0.0,0.0,1.0,0.0,1.0,0.0,0.0,0.0,0.0,0.0,0.0,0.0,0.0,0.0,0.0,0.0,0.0,0.0,0.0,0.0,1.0,0.0,0.0
16.334482,-0.13589084,-0.18843396,-0.29146203,-0.29469356,-1.6995769,-3.1369522,-2.351674,0.23966876,-0.17518121,-0.9342,-0.9342,-1.3569155,-1.0,1.9046542e-09,1.9046542e-09,-0.7564708,0.0,0.0,0.0,1.0,0.0,1.0,0.0,0.0,0.0,0.0,0.0,0.0,0.0,0.0,0.0,0.0,0.0,0.0,0.0,0.0,0.0,1.0,0.0,0.0
16.334475,-0.4014624,-0.4258327,-0.6094063,-0.09903108,-1.7000608,-3.2231562,-2.271628,0.34721532,0.473337,-0.9342,-0.22750498,7.45716e-09,-1.0,1.9046542e-09,1.9046542e-09,-0.7564708,0.0,0.0,0.0,1.0,0.0,0.0,0.0,0.0,0.0,1.0,0.0,0.0,0.0,0.0,0.0,0.0,0.0,1.0,0.0,0.0,0.0,0.0,0.0,0.0
-0.090014614,-0.4014624,-0.51056397,-0.9887825,-0.101681635,-1.7006,-3.3884416,-2.4864657,-0.5714649,0.5804273,-0.9342,3.065853e-08,0.7937447,-1.0,1.9046542e-09,1.9046542e-09,-0.7564708,0.0,0.0,0.0,1.0,0.0,0.0,0.0,0.0,0.0,1.0,0.0,0.0,0.0,0.0,0.0,0.0,0.0,0.0,0.0,0.0,0.0,1.0,0.0,0.0
16.334492,-0.4014624,-0.4258327,-0.6170793,-0.09903108,-1.7000608,-3.2249448,-2.271629,0.32856458,0.473337,-0.5208099,3.065853e-08,0.43682927,-0.41503748,0.40546513,1.9046542e-09,-0.31396374,0.0,0.0,0.0,1.0,0.0,0.0,0.0,0.0,0.0,1.0,0.0,0.0,0.0,0.0,0.0,0.0,0.0,1.0,0.0,0.0,0.0,0.0,0.0,0.0
-0.090014614,-0.88280696,-0.9363967,-1.7076744,-0.6398247,-1.7006,-3.3884416,-2.4864657,-0.29061544,0.29285964,-0.9342,-0.22750498,7.45716e-09,-1.0,1.9046542e-09,1.9046542e-09,-0.7564708,0.0,0.0,0.0,0.0,1.0,0.0,1.0,0.0,0.0,0.0,0.0,0.0,0.0,0.0,0.0,0.0,0.0,0.0,1.0,0.0,0.0,0.0,0.0,0.0
16.334375,0.24099654,0.25562596,0.36904034,0.35697794,-1.697917,-2.892091,-2.0162687,0.6799346,0.4972387,-0.5208099,0.18588513,1.0955125,-0.41503748,0.40546513,1.9046542e-09,-0.31396374,0.0,0.0,0.0,1.0,0.0,0.0,0.0,0.0,0.0,1.0,0.0,0.0,0.0,0.0,0.0,0.0,0.0,1.0,0.0,0.0,0.0,0.0,0.0,0.0
-0.090014614,-0.4014624,-0.51056397,-0.5901771,-0.43160734,-1.7006,-3.3884416,-2.4864657,0.39396644,-0.019973231,-0.9342,-0.9342,-1.3569155,-1.0,1.9046542e-09,1.9046542e-09,-0.7564708,0.0,0.0,0.0,1.0,0.0,1.0,0.0,0.0,0.0,0.0,0.0,0.0,0.0,0.0,0.0,0.0,0.0,0.0,0.0,0.0,0.0,1.0,0.0,0.0
16.334396,0.2575321,0.17799008,0.40487114,0.29896834,-1.6980772,-2.8769011,-2.0523014,0.7171768,0.4789875,-0.22750498,0.3430488,1.3569155,5.4956706e-09,0.6931472,1.9046542e-09,4.157314e-09,0.0,0.0,0.0,1.0,0.0,0.0,0.0,0.0,0.0,1.0,0.0,0.0,0.0,0.0,0.0,0.0,0.0,1.0,0.0,0.0,0.0,0.0,0.0,0.0
16.334482,-0.4014624,-0.4258327,-0.57773924,-0.09903108,-1.7000608,-3.215633,-2.2716284,0.42421338,0.473337,-0.9342,0.18588513,0.7937447,-1.0,1.9046542e-09,1.9046542e-09,-0.7564708,0.0,0.0,0.0,1.0,0.0,0.0,0.0,0.0,0.0,1.0,0.0,0.0,0.0,0.0,0.0,0.0,0.0,1.0,0.0,0.0,0.0,0.0,0.0,0.0
-0.090014614,0.24099654,0.17799008,0.46421558,0.25955525,-1.7006,-3.3884416,-2.4864657,0.91159064,0.40721467,-0.9342,-0.9342,-1.3569155,-1.0,1.9046542e-09,1.9046542e-09,-0.7564708,0.0,0.0,0.0,1.0,0.0,1.0,0.0,0.0,0.0,0.0,0.0,0.0,0.0,0.0,0.0,0.0,0.0,0.0,0.0,0.0,0.0,1.0,0.0,0.0
16.334482,-0.4014624,-0.51056397,-0.9887825,-0.101681635,-1.7001148,-3.2954996,-2.2728603,-0.5714649,0.5804273,-0.22750498,0.47919005,1.5874894,5.4956706e-09,0.6931472,1.9046542e-09,-0.7564708,0.0,0.0,0.0,1.0,0.0,0.0,0.0,0.0,0.0,1.0,0.0,0.0,0.0,0.0,0.0,0.0,0.0,0.0,0.0,0.0,0.0,1.0,0.0,0.0
-0.090014614,0.18727976,0.17799008,0.08652103,0.3153626,-1.7006,-3.3884416,-2.4864657,0.15634838,0.5088545,-0.9342,-0.9342,-1.3569155,-1.0,1.9046542e-09,1.9046542e-09,-0.7564708,0.0,0.0,0.0,1.0,0.0,1.0,0.0,0.0,0.0,0.0,0.0,0.0,0.0,0.0,0.0,0.0,0.0,0.0,0.0,0.0,0.0,1.0,0.0,0.0
-0.090014614,-0.88280696,-0.9363967,-1.6489922,-0.607589,-1.7006,-3.3884416,-2.4864657,-0.14677857,0.35182118,-0.9342,3.065853e-08,0.43682927,-1.0,1.9046542e-09,1.9046542e-09,-0.7564708,0.0,0.0,0.0,0.0,1.0,0.0,1.0,0.0,0.0,0.0,0.0,0.0,0.0,0.0,0.0,0.0,0.0,0.0,1.0,0.0,0.0,0.0,0.0,0.0
-0.090014614,-0.88280696,-0.9363967,-1.6902262,-0.64675087,-1.7006,-3.3884416,-2.4864657,-0.247848,0.28019124,-0.9342,0.18588513,0.7937447,-1.0,1.9046542e-09,1.9046542e-09,-0.7564708,0.0,0.0,0.0,0.0,1.0,0.0,1.0,0.0,0.0,0.0,0.0,0.0,0.0,0.0,0.0,0.0,0.0,0.0,1.0,0.0,0.0,0.0,0.0,0.0
-0.090014614,-0.88280696,-0.9363967,-1.6817154,-0.55137783,-1.7006,-3.3884416,-2.4864657,-0.22698702,0.4546356,-0.9342,0.3430488,1.0955125,-1.0,1.9046542e-09,1.9046542e-09,-0.7564708,0.0,0.0,0.0,0.0,1.0,0.0,1.0,0.0,0.0,0.0,0.0,0.0,0.0,0.0,0.0,0.0,0.0,0.0,1.0,0.0,0.0,0.0,0.0,0.0
-0.090014614,-0.88280696,-0.9363967,-1.6107706,-0.69659364,-1.7006,-3.3884416,-2.4864657,-0.05309346,0.18902503,-0.9342,0.47919005,1.3569155,-1.0,1.9046542e-09,1.9046542e-09,-0.7564708,0.0,0.0,0.0,0.0,1.0,0.0,1.0,0.0,0.0,0.0,0.0,0.0,0.0,0.0,0.0,0.0,0.0,0.0,1.0,0.0,0.0,0.0,0.0,0.0
16.334488,-0.4014624,-0.4258327,-0.5527391,-0.09903108,-1.7000608,-3.2095265,-2.2716289,0.48502657,0.473337,-0.9342,0.3430488,1.0955125,-1.0,1.9046542e-09,1.9046542e-09,-0.7564708,0.0,0.0,0.0,1.0,0.0,0.0,0.0,0.0,0.0,1.0,0.0,0.0,0.0,0.0,0.0,0.0,0.0,1.0,0.0,0.0,0.0,0.0,0.0,0.0
-0.090014614,-0.097767815,2.3192557e-08,0.07722627,0.097723976,-1.7006,-3.3884416,-2.4864657,1.0152428,0.315787,-0.9342,-0.9342,-1.3569155,-1.0,1.9046542e-09,1.9046542e-09,-0.7564708,0.0,0.0,0.0,1.0,0.0,1.0,0.0,0.0,0.0,0.0,0.0,0.0,0.0,0.0,0.0,0.0,0.0,0.0,0.0,0.0,0.0,1.0,0.0,0.0
-0.090014614,-0.88280696,-0.9363967,-1.6489922,-0.75489086,-1.7006,-3.3884416,-2.4864657,-0.14677857,0.08239505,-0.9342,0.5992753,1.5874894,-1.0,1.9046542e-09,1.9046542e-09,-0.7564708,0.0,0.0,0.0,0.0,1.0,0.0,1.0,0.0,0.0,0.0,0.0,0.0,0.0,0.0,0.0,0.0,0.0,0.0,1.0,0.0,0.0,0.0,0.0,0.0
-0.090014614,-0.705157,-0.7479627,-1.2667385,-0.43810433,-1.7006,-3.3884416,-2.4864657,-0.089750834,0.31429037,-0.9342,0.70669514,1.7937447,-1.0,1.9046542e-09,1.9046542e-09,-0.7564708,0.0,0.0,0.0,0.0,1.0,0.0,1.0,0.0,0.0,0.0,0.0,0.0,0.0,0.0,0.0,0.0,0.0,0.0,1.0,0.0,0.0,0.0,0.0,0.0
16.33437,0.27346617,0.25562596,0.43914056,0.35697794,-1.6978104,-2.8622327,-2.016268,0.7525092,0.4972387,3.065853e-08,0.5992753,1.7937447,0.32192814,0.91629076,1.9046542e-09,0.24352923,0.0,0.0,0.0,1.0,0.0,0.0,0.0,0.0,0.0,1.0,0.0,0.0,0.0,0.0,0.0,0.0,0.0,1.0,0.0,0.0,0.0,0.0,0.0,0.0
-0.090014614,-0.88280696,-0.9363967,-1.625726,-0.815674,-1.7006,-3.3884416,-2.4864657,-0.089750834,-0.028781889,-0.9342,0.80386823,1.9803255,-1.0,1.9046542e-09,1.9046542e-09,-0.7564708,0.0,0.0,0.0,0.0,1.0,0.0,1.0,0.0,0.0,0.0,0.0,0.0,0.0,0.0,0.0,0.0,0.0,0.0,1.0,0.0,0.0,0.0,0.0,0.0
-0.090014614,-0.88280696,-0.9363967,-1.6650981,-0.48945063,-1.7006,-3.3884416,-2.4864657,-0.18625607,0.5679051,-0.9342,0.8925802,2.15066,-1.0,1.9046542e-09,1.9046542e-09,-0.7564708,0.0,0.0,0.0,0.0,1.0,0.0,1.0,0.0,0.0,0.0,0.0,0.0,0.0,0.0,0.0,0.0,0.0,0.0,1.0,0.0,0.0,0.0,0.0,0.0
16.334488,-0.06269805,2.3192557e-08,-0.008906285,0.297041,-1.6992011,-3.0416207,-2.0534945,0.69461274,0.6789209,-0.9342,-0.9342,-1.3569155,-1.0,1.9046542e-09,1.9046542e-09,-0.7564708,0.0,0.0,0.0,1.0,0.0,1.0,0.0,0.0,0.0,0.0,0.0,0.0,0.0,0.0,0.0,0.0,0.0,0.0,0.0,0.0,0.0,1.0,0.0,0.0
-0.090014614,0.24099654,0.21842733,0.3474569,0.44881025,-1.7006,-3.3884416,-2.4864657,0.6274442,0.7065059,-0.9342,-0.9342,-1.3569155,-1.0,1.9046542e-09,1.9046542e-09,-0.7564708,0.0,0.0,0.0,1.0,0.0,1.0,0.0,0.0,0.0,0.0,0.0,0.0,0.0,0.0,0.0,0.0,0.0,1.0,0.0,0.0,0.0,0.0,0.0,0.0
-0.090014614,-0.88280696,-0.9363967,-1.6569831,-0.73728573,-1.7006,-3.3884416,-2.4864657,-0.1663653,0.114596136,-0.9342,0.9741873,2.3073528,-1.0,1.9046542e-09,1.9046542e-09,-0.7564708,0.0,0.0,0.0,0.0,1.0,0.0,1.0,0.0,0.0,0.0,0.0,0.0,0.0,0.0,0.0,0.0,0.0,0.0,1.0,0.0,0.0,0.0,0.0,0.0
-0.090014614,-0.22381245,-0.23739871,-0.022202007,0.04111979,-1.7006,-3.3884416,-2.4864657,1.1789851,0.49310544,-0.9342,-0.9342,-1.3569155,-1.0,1.9046542e-09,1.9046542e-09,-0.7564708,0.0,0.0,0.0,1.0,0.0,1.0,0.0,0.0,0.0,0.0,0.0,0.0,0.0,0.0,0.0,0.0,0.0,0.0,0.0,0.0,0.0,1.0,0.0,0.0
-0.090014614,-0.88280696,-0.9363967,-1.6034503,-0.80612504,-1.7006,-3.3884416,-2.4864657,-0.03515048,-0.011316084,-0.9342,1.0497438,2.4524279,-1.0,1.9046542e-09,1.9046542e-09,-0.7564708,0.0,0.0,0.0,0.0,1.0,0.0,1.0,0.0,0.0,0.0,0.0,0.0,0.0,0.0,0.0,0.0,0.0,0.0,1.0,0.0,0.0,0.0,0.0,0.0
-0.090014614,-0.13589084,-0.18843396,-0.18219092,-0.24564154,-1.7006,-3.3884416,-2.4864657,0.50506294,-0.08661226,-0.9342,-0.9342,-1.3569155,-1.0,1.9046542e-09,1.9046542e-09,-0.7564708,0.0,0.0,0.0,1.0,0.0,1.0,0.0,0.0,0.0,0.0,0.0,0.0,0.0,0.0,0.0,0.0,0.0,0.0,0.0,0.0,0.0,1.0,0.0,0.0
-0.090014614,-0.88280696,-0.9363967,-1.6411211,-0.8222292,-1.7006,-3.3884416,-2.4864657,-0.1274861,-0.040771756,-0.9342,1.1200851,2.5874894,-1.0,1.9046542e-09,1.9046542e-09,-0.7564708,0.0,0.0,0.0,0.0,1.0,0.0,1.0,0.0,0.0,0.0,0.0,0.0,0.0,0.0,0.0,0.0,0.0,0.0,1.0,0.0,0.0,0.0,0.0,0.0
16.334488,2.1865253e-08,-0.14413993,0.13958986,0.07293634,-1.6993083,-2.9854693,-2.1842966,0.85981226,0.43920448,-0.9342,-0.9342,-1.3569155,-1.0,1.9046542e-09,1.9046542e-09,-0.7564708,0.0,0.0,0.0,1.0,0.0,1.0,0.0,0.0,0.0,0.0,0.0,0.0,0.0,0.0,0.0,0.0,0.0,0.0,0.0,0.0,0.0,1.0,0.0,0.0
-0.090014614,-0.030228416,-0.14413993,0.13146287,0.07242215,-1.7006,-3.3884416,-2.4864657,0.9344514,0.43826804,-0.9342,-0.9342,-1.3569155,-1.0,1.9046542e-09,1.9046542e-09,-0.7564708,0.0,0.0,0.0,1.0,0.0,1.0,0.0,0.0,0.0,0.0,0.0,0.0,0.0,0.0,0.0,0.0,0.0,0.0,0.0,0.0,0.0,1.0,0.0,0.0
16.334494,-0.4014624,-0.4258327,-0.5870397,-0.09903108,-1.7000608,-3.2178679,-2.2716293,0.40159547,0.473337,-0.5208099,0.47919005,1.3569155,-0.41503748,0.40546513,1.9046542e-09,-0.31396374,0.0,0.0,0.0,1.0,0.0,0.0,0.0,0.0,0.0,1.0,0.0,0.0,0.0,0.0,0.0,0.0,0.0,1.0,0.0,0.0,0.0,0.0,0.0,0.0
16.334482,-0.4014624,-0.4258327,-0.5655901,-0.09903108,-1.7000608,-3.2126834,-2.2716284,0.45376354,0.473337,-0.5208099,0.5992753,1.5874894,-0.41503748,0.40546513,1.9046542e-09,-0.31396374,0.0,0.0,0.0,1.0,0.0,0.0,0.0,0.0,0.0,1.0,0.0,0.0,0.0,0.0,0.0,0.0,0.0,1.0,0.0,0.0,0.0,0.0,0.0,0.0
-0.090014614,-0.705157,-0.7479627,-1.2370341,-0.5110742,-1.7006,-3.3884416,-2.4864657,-0.017454641,0.1812779,-0.9342,1.1858851,2.713831,-1.0,1.9046542e-09,1.9046542e-09,-0.7564708,0.0,0.0,0.0,0.0,1.0,0.0,1.0,0.0,0.0,0.0,0.0,0.0,0.0,0.0,0.0,0.0,0.0,0.0,1.0,0.0,0.0,0.0,0.0,0.0
-0.090014614,0.22381249,0.17799008,0.387829,0.22802433,-1.7006,-3.3884416,-2.4864657,0.77762055,0.3498302,-0.5208099,-0.5208099,1.9803255,-0.41503748,0.40546513,1.9046542e-09,-0.31396374,0.0,0.0,0.0,1.0,0.0,0.0,0.0,0.0,0.0,0.0,0.0,0.0,0.0,0.0,1.0,0.0,0.0,1.0,0.0,0.0,0.0,0.0,0.0,0.0
-0.090014614,-0.57911235,-0.6142667,-1.282248,-0.6924224,-1.7006,-3.3884416,-2.4864657,-0.6381248,-0.34903154,-0.9342,-0.9342,-1.3569155,-1.0,1.9046542e-09,1.9046542e-09,-0.7564708,0.0,0.0,0.0,1.0,0.0,1.0,0.0,0.0,0.0,0.0,0.0,0.0,0.0,0.0,0.0,0.0,0.0,0.0,0.0,0.0,0.0,1.0,0.0,0.0
-0.090014614,-0.88280696,-0.9363967,-1.625726,-0.815674,-1.7006,-3.3884416,-2.4864657,-0.089750834,-0.028781889,-0.9342,1.2476946,2.8325105,-1.0,1.9046542e-09,1.9046542e-09,-0.7564708,0.0,0.0,0.0,0.0,1.0,0.0,1.0,0.0,0.0,0.0,0.0,0.0,0.0,0.0,0.0,0.0,0.0,0.0,1.0,0.0,0.0,0.0,0.0,0.0
-0.090014614,-0.88280696,-0.9363967,-1.6107706,-0.76279485,-1.7006,-3.3884416,-2.4864657,-0.05309346,0.06793806,-0.9342,1.3059703,2.9444048,-1.0,1.9046542e-09,1.9046542e-09,-0.7564708,0.0,0.0,0.0,0.0,1.0,0.0,1.0,0.0,0.0,0.0,0.0,0.0,0.0,0.0,0.0,0.0,0.0,0.0,1.0,0.0,0.0,0.0,0.0,0.0
16.33449,0.16780375,0.23739877,0.00304796,0.47992894,-1.698184,-3.0372417,-1.9379623,0.013141598,0.74190646,-0.9342,-0.9342,-1.3569155,-1.0,1.9046542e-09,1.9046542e-09,-0.7564708,0.0,0.0,0.0,1.0,0.0,1.0,0.0,0.0,0.0,0.0,0.0,0.0,0.0,0.0,0.0,0.0,0.0,1.0,0.0,0.0,0.0,0.0,0.0,0.0
16.334494,-0.4014624,-0.4258327,-0.5363965,-0.09903108,-1.7000608,-3.2054548,-2.2716293,0.5247916,0.473337,-0.5208099,0.70669514,1.7937447,-0.41503748,0.40546513,1.9046542e-09,-0.7564708,0.0,0.0,0.0,1.0,0.0,0.0,0.0,0.0,0.0,1.0,0.0,0.0,0.0,0.0,0.0,0.0,0.0,1.0,0.0,0.0,0.0,0.0,0.0,0.0
16.33441,0.16780375,0.1563706,0.34605628,0.2955576,-1.6983978,-2.901761,-2.054399,0.846012,0.4972387,0.18588513,0.70669514,2.15066,0.58496255,1.0986123,1.9046542e-09,0.44250706,0.0,0.0,0.0,1.0,0.0,0.0,0.0,0.0,0.0,1.0,0.0,0.0,0.0,0.0,0.0,0.0,0.0,1.0,0.0,0.0,0.0,0.0,0.0,0.0
16.334473,-0.4014624,-0.4258327,-0.5645903,-0.09903108,-1.7000608,-3.2124388,-2.271628,0.4561958,0.473337,-0.9342,0.80386823,1.9803255,-1.0,1.9046542e-09,1.9046542e-09,-0.7564708,0.0,0.0,0.0,1.0,0.0,0.0,0.0,0.0,0.0,1.0,0.0,0.0,0.0,0.0,0.0,0.0,0.0,1.0,0.0,0.0,0.0,0.0,0.0,0.0
-0.090014614,-0.88280696,-0.9363967,-1.5962307,-0.68426466,-1.7006,-3.3884416,-2.4864657,-0.017454641,0.21157563,-0.9342,1.3610942,3.0502474,-1.0,1.9046542e-09,1.9046542e-09,-0.7564708,0.0,0.0,0.0,0.0,1.0,0.0,1.0,0.0,0.0,0.0,0.0,0.0,0.0,0.0,0.0,0.0,0.0,0.0,1.0,0.0,0.0,0.0,0.0,0.0
-0.090014614,-0.333923,-0.23739871,-0.5214678,0.45768094,-1.7006,-3.3884416,-2.4864657,0.32945833,1.2535908,-0.9342,-0.9342,-1.3569155,-1.0,1.9046542e-09,1.9046542e-09,-0.7564708,0.0,0.0,0.0,1.0,0.0,0.0,0.0,0.0,0.0,1.0,0.0,0.0,0.0,0.0,0.0,0.0,0.0,1.0,0.0,0.0,0.0,0.0,0.0,0.0
16.33444,-0.4014624,-0.4258327,-0.58495873,-0.09903108,-1.7000608,-3.2173665,-2.2716258,0.40665638,0.473337,-0.5208099,0.8925802,2.15066,-0.41503748,0.40546513,1.9046542e-09,-0.7564708,0.0,0.0,0.0,1.0,0.0,0.0,0.0,0.0,0.0,1.0,0.0,0.0,0.0,0.0,0.0,0.0,0.0,1.0,0.0,0.0,0.0,0.0,0.0,0.0
-0.090014614,-0.88280696,-0.9363967,-1.6650981,-0.64153993,-1.7006,-3.3884416,-2.4864657,-0.18625607,0.28972238,-0.9342,1.4133902,3.1506603,-1.0,1.9046542e-09,1.9046542e-09,-0.7564708,0.0,0.0,0.0,0.0,1.0,0.0,1.0,0.0,0.0,0.0,0.0,0.0,0.0,0.0,0.0,0.0,0.0,0.0,1.0,0.0,0.0,0.0,0.0,0.0
-0.090014614,-0.17764993,-0.18843396,-0.013765552,0.04738982,-1.7006,-3.3884416,-2.4864657,1.0493119,0.44547996,-0.9342,-0.9342,-1.3569155,-1.0,1.9046542e-09,1.9046542e-09,-0.7564708,0.0,0.0,0.0,1.0,0.0,1.0,0.0,0.0,0.0,0.0,0.0,0.0,0.0,0.0,0.0,0.0,0.0,0.0,0.0,0.0,0.0,1.0,0.0,0.0
16.334492,-0.4014624,-0.4258327,-0.6170793,-0.09903108,-1.7000608,-3.2249448,-2.271629,0.32856458,0.473337,-0.9342,0.9741873,2.3073528,-1.0,1.9046542e-09,1.9046542e-09,-0.7564708,0.0,0.0,0.0,1.0,0.0,0.0,0.0,0.0,0.0,1.0,0.0,0.0,0.0,0.0,0.0,0.0,0.0,1.0,0.0,0.0,0.0,0.0,0.0,0.0
-0.090014614,-0.88280696,-0.9363967,-1.6489922,-0.75489086,-1.7006,-3.3884416,-2.4864657,-0.14677857,0.08239505,-0.9342,1.4631339,3.2461727,-1.0,1.9046542e-09,1.9046542e-09,-0.7564708,0.0,0.0,0.0,0.0,1.0,0.0,1.0,0.0,0.0,0.0,0.0,0.0,0.0,0.0,0.0,0.0,0.0,0.0,1.0,0.0,0.0,0.0,0.0,0.0
-0.090014614,0.22381249,0.17799008,0.387829,0.22802433,-1.7006,-3.3884416,-2.4864657,0.77762055,0.3498302,-0.22750498,-0.22750498,2.3073528,5.4956706e-09,0.6931472,1.9046542e-09,4.157314e-09,0.0,0.0,0.0,1.0,0.0,0.0,0.0,0.0,0.0,0.0,0.0,0.0,0.0,0.0,1.0,0.0,0.0,1.0,0.0,0.0,0.0,0.0,0.0,0.0
-0.090014614,-0.4014624,-0.4258327,-0.5498178,-0.43241113,-1.7006,-3.3884416,-2.4864657,0.49213377,-0.13233632,-0.9342,-0.9342,-1.3569155,-0.41503748,1.9046542e-09,1.9046542e-09,-0.7564708,0.0,0.0,0.0,1.0,0.0,0.0,0.0,0.0,0.0,1.0,0.0,0.0,0.0,0.0,0.0,0.0,0.0,1.0,0.0,0.0,0.0,0.0,0.0,0.0
-0.090014614,0.12604466,0.1098582,0.16572109,0.4220824,-1.7006,-3.3884416,-2.4864657,0.53469384,0.78085387,-0.9342,-0.9342,-1.3569155,-1.0,1.9046542e-09,1.9046542e-09,-0.7564708,0.0,0.0,0.0,1.0,0.0,1.0,0.0,0.0,0.0,0.0,0.0,0.0,0.0,0.0,0.0,0.0,0.0,1.0,0.0,0.0,0.0,0.0,0.0,0.0
-0.090014614,2.1865253e-08,-0.14413993,0.14010997,0.07293634,-1.7006,-3.3884416,-2.4864657,0.86107916,0.43920448,-0.5208099,-0.9342,-1.3569155,-0.41503748,0.40546513,1.9046542e-09,-0.7564708,0.0,0.0,0.0,1.0,0.0,1.0,0.0,0.0,0.0,0.0,0.0,0.0,0.0,0.0,0.0,0.0,0.0,0.0,0.0,0.0,0.0,1.0,0.0,0.0
-0.090014614,-0.88280696,-0.9363967,-1.5751514,-0.79388744,-1.7006,-3.3884416,-2.4864657,0.034213025,0.011067403,-0.9342,1.5105633,3.337241,-1.0,1.9046542e-09,1.9046542e-09,-0.7564708,0.0,0.0,0.0,0.0,1.0,0.0,1.0,0.0,0.0,0.0,0.0,0.0,0.0,0.0,0.0,0.0,0.0,0.0,1.0,0.0,0.0,0.0,0.0,0.0
-0.090014614,0.46142572,1.6135455,0.35612872,1.6670707,-1.7006,-3.3884416,-2.4864657,-0.0099449055,1.4018095,-0.9342,-0.9342,-1.3569155,-1.0,1.9046542e-09,1.9046542e-09,-0.7564708,0.0,0.0,0.0,1.0,0.0,1.0,0.0,0.0,0.0,0.0,0.0,0.0,0.0,0.0,0.0,0.0,0.0,1.0,0.0,0.0,0.0,0.0,0.0,0.0
16.334494,-0.4014624,-0.4258327,-0.63050056,-0.09903108,-1.7000608,-3.2280383,-2.2716293,0.2959459,0.473337,-0.9342,1.0497438,2.4524279,-1.0,1.9046542e-09,1.9046542e-09,-0.7564708,0.0,0.0,0.0,1.0,0.0,0.0,0.0,0.0,0.0,1.0,0.0,0.0,0.0,0.0,0.0,0.0,0.0,1.0,0.0,0.0,0.0,0.0,0.0,0.0
16.334488,-0.13589084,-0.14413993,0.1087848,0.07242215,-1.6995232,-2.9974208,-2.1845772,1.2137804,0.43826804,-0.9342,-0.9342,-1.3569155,-1.0,1.9046542e-09,1.9046542e-09,-0.7564708,0.0,0.0,0.0,1.0,0.0,1.0,0.0,0.0,0.0,0.0,0.0,0.0,0.0,0.0,0.0,0.0,0.0,0.0,0.0,0.0,0.0,1.0,0.0,0.0
-0.090014614,-0.88280696,-0.9363967,-1.6034503,-0.70513076,-1.7006,-3.3884416,-2.4864657,-0.03515048,0.17340998,-0.9342,1.5558838,3.4242601,-1.0,1.9046542e-09,1.9046542e-09,-0.7564708,0.0,0.0,0.0,0.0,1.0,0.0,1.0,0.0,0.0,0.0,0.0,0.0,0.0,0.0,0.0,0.0,0.0,0.0,1.0,0.0,0.0,0.0,0.0,0.0
16.33426,-0.4014624,-0.4258327,-0.56359243,-0.09903108,-1.7000608,-3.2121809,-2.271614,0.4586232,0.473337,-0.5208099,1.1200851,2.5874894,-0.41503748,0.40546513,1.9046542e-09,-0.31396374,0.0,0.0,0.0,1.0,0.0,0.0,0.0,0.0,0.0,1.0,0.0,0.0,0.0,0.0,0.0,0.0,0.0,1.0,0.0,0.0,0.0,0.0,0.0,0.0
16.33448,-0.4014624,-0.4258327,-0.58495873,-0.09903108,-1.7000608,-3.2173688,-2.2716281,0.40665638,0.473337,-0.5208099,1.1858851,2.713831,-0.41503748,0.40546513,1.9046542e-09,-0.31396374,0.0,0.0,0.0,1.0,0.0,0.0,0.0,0.0,0.0,1.0,0.0,0.0,0.0,0.0,0.0,0.0,0.0,1.0,0.0,0.0,0.0,0.0,0.0,0.0
-0.090014614,-0.4014624,-0.4258327,-0.5498178,-0.43241113,-1.7006,-3.3884416,-2.4864657,0.49213377,-0.13233632,-0.9342,-0.5208099,-0.5631708,-0.41503748,1.9046542e-09,1.9046542e-09,-0.7564708,0.0,0.0,0.0,1.0,0.0,0.0,0.0,0.0,0.0,1.0,0.0,0.0,0.0,0.0,0.0,0.0,0.0,1.0,0.0,0.0,0.0,0.0,0.0,0.0
16.334492,-0.4014624,-0.4258327,-0.5655901,-0.09903108,-1.7000608,-3.2126842,-2.271629,0.45376354,0.473337,3.065853e-08,1.2476946,2.8325105,0.32192814,0.91629076,1.9046542e-09,4.157314e-09,0.0,0.0,0.0,1.0,0.0,0.0,0.0,0.0,0.0,1.0,0.0,0.0,0.0,0.0,0.0,0.0,0.0,1.0,0.0,0.0,0.0,0.0,0.0,0.0
-0.090014614,-0.88280696,-0.9363967,-1.6107706,-0.60306334,-1.7006,-3.3884416,-2.4864657,-0.05309346,0.36009896,-0.9342,1.5992752,3.5075755,-1.0,1.9046542e-09,1.9046542e-09,-0.7564708,0.0,0.0,0.0,0.0,1.0,0.0,1.0,0.0,0.0,0.0,0.0,0.0,0.0,0.0,0.0,0.0,0.0,0.0,1.0,0.0,0.0,0.0,0.0,0.0
-0.090014614,-0.88280696,-0.9363967,-1.7166218,-0.79993826,-1.7006,-3.3884416,-2.4864657,-0.31254637,3.607586e-08,-0.9342,1.6408951,3.5874894,-0.41503748,1.9046542e-09,1.9046542e-09,-0.7564708,0.0,0.0,0.0,0.0,1.0,0.0,1.0,0.0,0.0,0.0,0.0,0.0,0.0,0.0,0.0,0.0,0.0,0.0,1.0,0.0,0.0,0.0,0.0,0.0
-0.090014614,-0.88280696,-0.9363967,-1.625726,-0.628108,-1.7006,-3.3884416,-2.4864657,-0.089750834,0.31429037,-0.9342,1.6808823,3.6642683,-1.0,1.9046542e-09,1.9046542e-09,-0.7564708,0.0,0.0,0.0,0.0,1.0,0.0,1.0,0.0,0.0,0.0,0.0,0.0,0.0,0.0,0.0,0.0,0.0,0.0,1.0,0.0,0.0,0.0,0.0,0.0
-0.090014614,0.20592679,0.21842733,0.3687044,0.23552401,-1.7006,-3.3884416,-2.4864657,0.7852722,0.31792614,3.065853e-08,3.065853e-08,2.4524279,0.32192814,0.91629076,1.9046542e-09,0.24352923,0.0,0.0,0.0,1.0,0.0,0.0,0.0,0.0,0.0,0.0,0.0,0.0,0.0,0.0,1.0,0.0,0.0,1.0,0.0,0.0,0.0,0.0,0.0,0.0
-0.090014614,-0.88280696,-1.2585267,-1.8494507,-2.0387404,-1.7006,-3.3884416,-2.4864657,-0.6381248,-2.2658617,-0.9342,-0.9342,-1.3569155,-1.0,1.9046542e-09,1.9046542e-09,-0.7564708,0.0,0.0,0.0,1.0,0.0,1.0,0.0,0.0,0.0,0.0,0.0,0.0,0.0,0.0,0.0,0.0,0.0,0.0,0.0,0.0,1.0,0.0,0.0,0.0
16.334494,-0.4014624,-0.4258327,-0.55961967,-0.09903108,-1.7000608,-3.2112224,-2.2716293,0.4682875,0.473337,-0.5208099,1.3059703,2.9444048,-0.41503748,0.40546513,1.9046542e-09,-0.31396374,0.0,0.0,0.0,1.0,0.0,0.0,0.0,0.0,0.0,1.0,0.0,0.0,0.0,0.0,0.0,0.0,0.0,1.0,0.0,0.0,0.0,0.0,0.0,0.0
-0.090014614,-0.88280696,-0.9363967,-1.6034503,-0.80612504,-1.7006,-3.3884416,-2.4864657,-0.03515048,-0.011316084,-0.9342,1.7193604,3.7381494,-1.0,1.9046542e-09,1.9046542e-09,-0.7564708,0.0,0.0,0.0,0.0,1.0,0.0,1.0,0.0,0.0,0.0,0.0,0.0,0.0,0.0,0.0,0.0,0.0,0.0,1.0,0.0,0.0,0.0,0.0,0.0
-0.090014614,-0.88280696,-0.9363967,-1.6034503,-0.80612504,-1.7006,-3.3884416,-2.4864657,-0.03515048,-0.011316084,-0.9342,1.7564389,3.8093433,-1.0,1.9046542e-09,1.9046542e-09,-0.7564708,0.0,0.0,0.0,0.0,1.0,0.0,1.0,0.0,0.0,0.0,0.0,0.0,0.0,0.0,0.0,0.0,0.0,0.0,1.0,0.0,0.0,0.0,0.0,0.0
16.334375,0.28884098,0.25562596,0.43189833,0.35697794,-1.697757,-2.865343,-2.0162687,0.6885938,0.4972387,0.3430488,0.80386823,2.5874894,0.807355,1.252763,1.9046542e-09,0.6107405,0.0,0.0,0.0,1.0,0.0,0.0,0.0,0.0,0.0,1.0,0.0,0.0,0.0,0.0,0.0,0.0,0.0,1.0,0.0,0.0,0.0,0.0,0.0,0.0
-0.090014614,-0.4014624,-0.4258327,-0.5498178,-0.43241113,-1.7006,-3.3884416,-2.4864657,0.49213377,-0.13233632,-0.9342,-0.22750498,7.45716e-09,-1.0,1.9046542e-09,1.9046542e-09,-0.7564708,0.0,0.0,0.0,1.0,0.0,0.0,0.0,0.0,0.0,1.0,0.0,0.0,0.0,0.0,0.0,0.0,0.0,1.0,0.0,0.0,0.0,0.0,0.0,0.0
-0.090014614,-0.06269805,2.3192557e-08,-0.10620243,0.27477276,-1.7006,-3.3884416,-2.4864657,0.45801696,0.63830423,-0.9342,-0.9342,-1.3569155,-1.0,1.9046542e-09,1.9046542e-09,-0.7564708,0.0,0.0,0.0,1.0,0.0,1.0,0.0,0.0,0.0,0.0,0.0,0.0,0.0,0.0,0.0,0.0,0.0,1.0,0.0,0.0,0.0,0.0,0.0,0.0
16.334465,-0.4014624,-0.4258327,-0.5645903,-0.09903108,-1.7000608,-3.212438,-2.2716272,0.4561958,0.473337,-0.22750498,1.3610942,3.0502474,5.4956706e-09,0.6931472,1.9046542e-09,4.157314e-09,0.0,0.0,0.0,1.0,0.0,0.0,0.0,0.0,0.0,1.0,0.0,0.0,0.0,0.0,0.0,0.0,0.0,1.0,0.0,0.0,0.0,0.0,0.0,0.0
-0.090014614,-0.4014624,-0.51056397,-0.5060594,-0.4300067,-1.7006,-3.3884416,-2.4864657,0.59863305,-0.01707103,-0.9342,-0.9342,-1.3569155,-1.0,1.9046542e-09,1.9046542e-09,-0.7564708,0.0,0.0,0.0,1.0,0.0,1.0,0.0,0.0,0.0,0.0,0.0,0.0,0.0,0.0,0.0,0.0,0.0,0.0,0.0,0.0,0.0,1.0,0.0,0.0
-0.090014614,-0.88280696,-0.9363967,-1.582084,-0.5760094,-1.7006,-3.3884416,-2.4864657,0.017220687,0.40958264,-0.9342,1.792216,3.8780384,-1.0,1.9046542e-09,1.9046542e-09,-0.7564708,0.0,0.0,0.0,0.0,1.0,0.0,1.0,0.0,0.0,0.0,0.0,0.0,0.0,0.0,0.0,0.0,0.0,0.0,1.0,0.0,0.0,0.0,0.0,0.0
-0.090014614,-0.88280696,-0.9363967,-1.6733409,-0.6783013,-1.7006,-3.3884416,-2.4864657,-0.20646004,0.22248308,-0.9342,1.8267802,3.9444048,-1.0,1.9046542e-09,1.9046542e-09,-0.7564708,0.0,0.0,0.0,0.0,1.0,0.0,1.0,0.0,0.0,0.0,0.0,0.0,0.0,0.0,0.0,0.0,0.0,0.0,1.0,0.0,0.0,0.0,0.0,0.0
16.334482,-0.4014624,-0.4258327,-0.56659186,-0.09903108,-1.7000608,-3.212928,-2.2716284,0.45132697,0.473337,-0.22750498,1.4133902,3.1506603,5.4956706e-09,0.6931472,1.9046542e-09,4.157314e-09,0.0,0.0,0.0,1.0,0.0,0.0,0.0,0.0,0.0,1.0,0.0,0.0,0.0,0.0,0.0,0.0,0.0,1.0,0.0,0.0,0.0,0.0,0.0,0.0
16.334486,-0.4014624,-0.4258327,-0.55961967,-0.09903108,-1.7000608,-3.2112217,-2.2716286,0.4682875,0.473337,-0.22750498,1.4631339,3.2461727,5.4956706e-09,0.6931472,1.9046542e-09,4.157314e-09,0.0,0.0,0.0,1.0,0.0,0.0,0.0,0.0,0.0,1.0,0.0,0.0,0.0,0.0,0.0,0.0,0.0,1.0,0.0,0.0,0.0,0.0,0.0,0.0
-0.090014614,-0.88280696,-0.9363967,-1.625726,-0.815674,-1.7006,-3.3884416,-2.4864657,-0.089750834,-0.028781889,-0.9342,1.8602108,4.0085945,-1.0,1.9046542e-09,1.9046542e-09,-0.7564708,0.0,0.0,0.0,0.0,1.0,0.0,1.0,0.0,0.0,0.0,0.0,0.0,0.0,0.0,0.0,0.0,0.0,0.0,1.0,0.0,0.0,0.0,0.0,0.0
-0.090014614,-0.88280696,-0.9363967,-1.6034503,-0.7709324,-1.7006,-3.3884416,-2.4864657,-0.03515048,0.05305391,-0.9342,1.8925802,4.0707464,-1.0,1.9046542e-09,1.9046542e-09,-0.7564708,0.0,0.0,0.0,0.0,1.0,0.0,1.0,0.0,0.0,0.0,0.0,0.0,0.0,0.0,0.0,0.0,0.0,0.0,1.0,0.0,0.0,0.0,0.0,0.0
-0.090014614,-0.88280696,-1.2585267,-1.8981744,-2.0387404,-1.7006,-3.3884416,-2.4864657,-0.757552,-2.2658617,-0.9342,-0.9342,-1.3569155,-1.0,1.9046542e-09,1.9046542e-09,-0.7564708,0.0,0.0,0.0,1.0,0.0,1.0,0.0,0.0,0.0,0.0,0.0,0.0,0.0,0.0,0.0,0.0,0.0,0.0,0.0,0.0,1.0,0.0,0.0,0.0
16.334442,-0.4014624,-0.4258327,-0.5675954,-0.09903108,-1.7000608,-3.2131703,-2.2716258,0.4488855,0.473337,3.065853e-08,1.5105633,3.337241,0.32192814,0.91629076,1.9046542e-09,0.24352923,0.0,0.0,0.0,1.0,0.0,0.0,0.0,0.0,0.0,1.0,0.0,0.0,0.0,0.0,0.0,0.0,0.0,1.0,0.0,0.0,0.0,0.0,0.0,0.0
-0.090014614,-0.88280696,-0.9363967,-1.6107706,-0.6883133,-1.7006,-3.3884416,-2.4864657,-0.05309346,0.20417042,-0.9342,1.9239533,4.1309857,-1.0,1.9046542e-09,1.9046542e-09,-0.7564708,0.0,0.0,0.0,0.0,1.0,0.0,1.0,0.0,0.0,0.0,0.0,0.0,0.0,0.0,0.0,0.0,0.0,0.0,1.0,0.0,0.0,0.0,0.0,0.0
16.334488,-0.4014624,-0.51056397,-0.9887825,-0.101681635,-1.7001148,-3.2954998,-2.2728605,-0.5714649,0.5804273,-0.22750498,0.8925802,2.713831,5.4956706e-09,0.6931472,1.9046542e-09,-0.31396374,0.0,0.0,0.0,1.0,0.0,0.0,0.0,0.0,0.0,1.0,0.0,0.0,0.0,0.0,0.0,0.0,0.0,0.0,0.0,0.0,0.0,1.0,0.0,0.0
-0.090014614,-0.88280696,-0.9363967,-1.6489922,-0.7764942,-1.7006,-3.3884416,-2.4864657,-0.14677857,0.042880952,-0.9342,1.9543897,4.189426,-0.41503748,1.9046542e-09,1.9046542e-09,-0.7564708,0.0,0.0,0.0,0.0,1.0,0.0,1.0,0.0,0.0,0.0,0.0,0.0,0.0,0.0,0.0,0.0,0.0,0.0,1.0,0.0,0.0,0.0,0.0,0.0
-0.090014614,-0.06269805,-0.18843396,0.039248873,0.18198112,-1.7006,-3.3884416,-2.4864657,0.8118334,0.6908628,-0.9342,-0.9342,-1.3569155,-1.0,1.9046542e-09,1.9046542e-09,-0.7564708,0.0,0.0,0.0,1.0,0.0,1.0,0.0,0.0,0.0,0.0,0.0,0.0,0.0,0.0,0.0,0.0,0.0,0.0,0.0,0.0,0.0,1.0,0.0,0.0
